AmountSpent,Salary,Children,Catalogs,Gender_b,Married_b,Location_b,Ownhome_b,Age_y,Age_m,Hist_m,Hist_h
755,47500,0,6,1,0,0,1,0,0,0,1
1318,63600,0,6,0,0,1,0,0,1,0,1
296,13500,0,18,1,0,1,0,1,0,0,0
2436,85600,1,18,0,1,1,1,0,1,0,1
1304,68400,0,12,1,0,1,1,0,1,0,1
495,30400,0,6,0,1,1,1,1,0,0,0
782,48100,0,12,1,0,1,0,0,1,1,0
1155,68400,0,18,0,0,1,1,0,1,0,1
158,51900,3,6,1,1,1,1,0,1,0,0
3034,80700,0,18,0,1,0,1,0,0,0,0
927,43700,1,12,0,1,1,0,1,0,0,0
2065,111800,3,18,0,1,0,1,0,1,0,1
704,44100,1,24,1,1,1,1,0,1,1,0
2136,111400,0,12,0,1,1,1,0,1,0,1
5564,110000,0,24,1,1,0,1,0,0,0,1
2766,83100,1,12,1,1,0,1,0,1,0,0
3010,82800,0,24,1,1,1,1,0,0,0,1
1956,90100,0,18,0,1,1,1,0,1,0,1
542,38600,1,18,0,0,1,0,0,1,0,0
410,14000,0,12,1,0,0,0,0,0,0,0
194,14300,2,6,1,0,0,0,1,0,0,0
827,49800,0,12,0,1,1,0,1,0,1,0
2328,60200,0,18,1,1,0,0,0,0,0,1
808,43500,1,12,0,1,0,0,1,0,1,0
521,41700,1,6,1,1,1,0,1,0,0,0
655,92300,3,18,1,1,1,1,0,1,0,0
707,62800,3,6,0,0,1,1,0,1,0,0
2075,72900,0,18,1,1,0,0,0,1,0,1
769,66900,2,12,1,1,1,0,0,1,1,0
774,21700,1,18,0,0,1,0,1,0,0,0
573,39700,0,12,1,1,1,0,0,0,1,0
2082,72200,1,12,0,1,0,0,0,1,0,1
2446,87700,3,24,1,1,1,0,0,1,0,0
2636,104100,0,24,0,1,1,1,0,1,0,1
2226,67700,0,12,0,0,0,0,0,1,0,1
183,27000,2,6,1,0,1,1,0,1,0,0
1595,64100,2,24,1,0,0,1,0,1,0,1
584,47000,1,12,0,0,1,0,0,1,1,0
982,41600,0,18,1,1,1,1,0,0,0,0
576,20100,0,24,1,0,1,0,0,0,0,0
410,64000,3,12,0,0,1,1,0,1,0,0
3082,96800,3,24,1,1,0,1,0,1,0,0
2437,76200,1,24,0,1,1,0,0,1,0,0
3655,81500,0,18,1,1,0,0,0,0,0,1
844,49600,1,12,1,0,1,1,0,1,1,0
2510,111500,0,18,1,1,1,1,0,0,0,1
983,77700,0,6,0,1,1,1,0,1,0,0
1215,58900,0,18,0,1,1,1,1,0,0,0
2000,126500,2,18,0,1,1,1,0,1,0,1
2574,83300,1,24,1,1,1,1,0,1,0,1
1116,90500,1,6,1,1,1,1,0,1,0,1
3604,87200,0,18,1,1,0,1,0,1,0,1
3360,105300,1,24,1,1,1,1,0,1,0,0
530,56000,3,6,1,0,0,1,0,1,1,0
906,46600,0,24,1,0,1,0,0,1,1,0
2764,69800,0,24,0,1,1,0,0,0,0,1
1263,60300,0,24,0,0,1,1,0,1,0,1
1084,67800,0,12,0,1,1,0,1,0,0,1
1051,42300,0,24,0,0,1,0,0,1,1,0
614,33700,0,6,1,1,0,1,1,0,0,0
704,62700,2,12,0,0,1,1,0,1,1,0
449,25900,2,12,1,0,1,1,1,0,0,0
136,15600,1,6,1,0,1,1,1,0,0,0
468,14600,0,24,1,0,1,1,0,0,0,0
565,62600,0,6,1,1,1,1,0,0,0,1
1310,66700,0,18,0,1,1,0,1,0,0,0
2595,72500,0,24,0,1,0,1,0,1,0,0
358,13200,0,24,1,0,0,0,1,0,0,0
1424,51300,0,24,1,0,1,1,0,1,1,0
4182,72300,0,24,0,0,0,1,0,1,0,1
468,15600,0,12,1,0,1,0,1,0,0,0
2924,90400,1,18,1,1,0,1,0,1,0,1
964,71500,0,6,0,0,0,1,0,1,0,0
615,14400,0,24,0,0,1,0,1,0,0,0
38,15000,3,6,0,0,1,0,1,0,0,0
1006,57600,1,6,0,0,1,1,0,1,0,0
307,60600,3,12,1,1,1,0,1,0,0,0
1648,84300,2,18,0,1,0,1,0,1,0,1
220,24400,1,6,1,0,1,1,1,0,0,0
280,22100,2,18,1,0,1,0,1,0,0,0
1647,48800,2,12,0,1,0,0,0,1,0,0
704,74700,1,6,1,1,1,1,0,1,1,0
920,32400,1,24,1,0,0,0,1,0,1,0
258,11400,0,6,1,0,1,1,0,0,0,0
1821,127000,0,12,0,1,1,1,0,1,0,0
1587,47200,0,18,0,0,1,0,0,1,1,0
528,48700,2,12,1,0,1,1,0,1,0,0
867,20400,0,18,0,0,0,0,1,0,1,0
643,39000,0,6,0,0,1,0,0,1,0,0
107,12900,1,6,1,0,1,0,1,0,0,0
1513,67300,1,18,1,1,0,0,0,1,0,1
4558,134500,0,24,0,1,1,1,0,0,0,1
741,75500,0,6,0,1,1,1,0,0,0,1
805,33600,2,12,1,1,0,1,0,0,1,0
470,16300,1,12,1,0,1,0,1,0,0,0
278,27400,1,6,0,1,1,0,1,0,0,0
1093,110400,3,24,1,1,1,1,0,1,0,0
470,21100,1,6,1,0,0,0,1,0,0,0
1856,81200,0,24,0,1,1,1,0,1,0,1
1688,87100,2,18,0,1,0,0,0,1,0,1
708,21700,3,24,1,0,0,0,1,0,0,0
1753,42200,0,18,1,0,1,0,0,1,0,0
3044,59000,0,24,0,0,0,0,0,1,0,1
855,52700,2,18,1,0,1,1,0,1,0,0
550,20900,0,24,0,0,1,1,1,0,0,0
2265,90700,3,24,0,1,0,1,0,1,0,1
2452,91800,0,24,1,1,0,1,0,0,0,0
1184,27900,0,18,1,0,0,1,1,0,1,0
2150,70700,0,24,1,1,1,1,0,0,0,1
1575,79600,2,6,0,1,1,1,0,1,0,0
1822,96400,1,24,0,1,1,0,0,1,0,1
1153,46600,2,18,1,0,1,1,0,1,0,0
1877,106600,0,12,0,1,1,1,0,0,0,1
450,104900,3,6,1,1,1,0,0,1,0,0
873,56300,0,6,0,0,1,0,0,0,1,0
209,14800,1,6,1,0,1,0,1,0,0,0
1472,58300,0,24,0,1,1,1,0,0,1,0
1702,70200,0,12,0,0,0,1,0,1,0,1
1857,59700,0,18,0,1,0,1,0,0,0,1
451,25800,0,6,0,0,1,0,1,0,0,0
344,12000,0,24,1,0,1,0,1,0,0,0
1492,51900,0,18,0,0,0,0,0,1,0,1
2098,66800,3,24,1,0,0,1,0,1,0,0
3505,105300,1,18,0,1,1,1,0,1,0,0
127,13800,3,6,1,0,0,0,1,0,0,0
436,14800,3,12,0,0,1,0,1,0,0,0
2524,44200,0,24,1,1,0,1,0,1,0,1
189,10400,0,18,0,0,1,0,1,0,0,0
607,35200,0,12,1,0,1,1,0,1,1,0
202,16100,0,6,1,0,0,0,1,0,0,0
1554,113000,2,18,0,1,1,1,0,1,1,0
633,63300,2,6,0,1,1,1,0,1,0,0
176,19100,0,6,0,0,1,0,1,0,0,0
3079,93400,2,24,1,1,1,1,0,1,0,0
2038,52500,0,24,1,1,0,0,0,0,0,1
1203,45400,3,24,1,1,0,0,0,1,1,0
326,21400,3,6,1,0,0,1,1,0,0,0
235,53700,3,12,1,0,1,1,0,1,0,0
3688,68000,0,24,1,1,0,1,1,0,0,1
332,17400,0,12,0,0,1,0,1,0,0,0
143,14600,1,6,1,0,1,0,1,0,0,0
3104,100100,0,12,1,1,0,1,0,0,0,1
2339,103700,1,24,0,1,0,1,0,1,0,1
123,10800,3,6,1,0,0,0,1,0,0,0
879,81700,3,24,1,1,1,1,0,1,0,0
498,21400,0,18,1,0,1,0,0,0,0,0
3596,114800,0,18,1,1,1,1,0,0,0,1
2925,67900,0,24,1,1,0,1,0,0,0,1
1081,53700,1,12,0,1,1,1,0,1,0,0
312,11400,3,12,1,0,0,0,1,0,0,0
1297,34300,3,12,0,1,1,0,1,0,0,0
218,16400,1,12,1,0,1,0,1,0,0,0
4279,109800,0,18,1,1,0,1,0,1,0,1
1642,64200,0,18,0,0,1,1,0,1,0,1
581,17000,0,18,0,0,1,0,1,0,0,0
223,41400,3,6,1,0,1,0,0,1,0,0
474,49100,2,6,1,0,1,1,0,1,0,0
1790,42600,0,24,1,0,0,1,0,0,0,1
143,11900,1,6,1,0,1,0,1,0,0,0
3237,113600,2,18,0,1,0,1,0,1,0,1
2316,52900,1,24,0,0,1,1,0,1,0,0
458,14300,1,18,1,0,1,0,1,0,0,0
646,21000,0,24,0,0,1,0,1,0,0,0
1217,59600,2,18,0,0,0,1,0,1,1,0
238,39700,3,12,1,0,1,0,0,1,0,0
1293,51200,0,12,0,1,1,1,0,0,1,0
2749,88200,0,24,1,1,1,1,0,1,0,0
2408,122100,0,12,0,1,0,1,0,1,0,1
2624,84800,0,18,1,1,1,0,0,0,0,1
4894,140000,0,12,0,1,0,1,0,1,0,1
621,28500,0,24,1,0,1,1,0,0,0,0
701,60300,0,6,0,0,1,0,0,1,0,1
780,51900,0,6,1,1,0,0,1,0,0,0
1365,60200,0,12,0,0,1,1,0,1,1,0
2693,81200,0,12,0,1,0,1,0,1,0,1
1582,73100,0,6,0,1,1,1,0,0,0,1
724,45700,0,18,0,0,1,1,0,0,1,0
830,28900,0,12,1,0,1,0,0,0,0,0
1594,60100,0,18,1,1,1,0,1,0,0,0
1826,84800,1,12,1,1,1,1,0,1,0,0
473,35000,0,6,1,1,1,1,0,0,1,0
1161,61700,0,12,1,1,1,0,1,0,0,0
703,46900,0,6,1,1,1,0,0,0,1,0
1892,123600,1,12,1,1,1,1,0,1,0,0
489,45800,0,6,0,1,1,0,1,0,1,0
1813,77800,1,18,0,1,0,1,0,1,0,1
1457,48700,1,12,1,0,1,1,0,1,0,0
292,39000,3,6,1,0,0,0,0,1,0,0
613,40000,0,6,1,1,1,0,1,0,0,0
2681,118300,1,18,1,1,1,0,0,1,0,0
437,27100,2,24,1,0,1,1,1,0,0,0
708,91000,2,6,1,1,1,0,0,1,1,0
1093,35300,0,24,1,1,1,1,0,1,1,0
213,10200,2,18,1,0,0,0,1,0,0,0
202,12500,1,6,1,0,1,0,1,0,0,0
1298,64600,0,6,1,0,1,1,0,0,0,0
3273,113800,0,12,0,1,0,1,0,1,0,0
1790,113400,3,18,0,1,0,1,0,1,0,1
247,16900,1,6,1,0,1,0,1,0,0,0
183,13600,1,6,1,0,1,0,1,0,0,0
3491,100100,1,24,0,1,0,1,0,1,0,1
1985,80000,0,6,1,1,0,1,0,0,0,1
1721,83900,0,24,0,1,1,1,0,1,0,1
2104,77000,0,12,0,1,1,1,0,1,0,1
252,72900,3,6,1,1,1,0,0,1,0,0
202,80700,3,6,0,1,1,0,1,0,0,0
962,40900,1,18,1,1,1,0,1,0,1,0
459,26700,1,12,1,0,1,0,1,0,0,0
848,54700,0,18,0,1,1,1,0,1,1,0
161,23600,1,6,1,1,1,0,0,0,0,0
1857,56900,0,24,0,0,0,0,0,1,0,1
1699,68700,1,24,0,0,0,1,0,1,0,0
308,19300,1,24,1,0,1,0,1,0,0,0
500,20200,1,24,0,1,0,0,1,0,0,0
1162,61500,3,24,1,1,0,0,0,1,1,0
2551,101700,1,24,1,1,0,1,0,1,0,0
5830,120800,1,24,1,1,0,0,0,1,0,1
381,17300,1,18,1,0,0,0,1,0,0,0
856,42300,0,6,1,1,1,0,1,0,0,0
1720,53300,0,18,0,0,1,0,0,1,1,0
759,42800,0,12,1,0,1,0,0,1,1,0
3305,98400,0,18,0,1,1,1,0,1,0,1
1257,51200,0,18,1,0,1,1,0,1,1,0
1583,62200,0,12,0,0,1,1,0,0,0,0
1102,109200,3,24,0,1,1,1,0,1,0,0
186,11400,2,6,1,0,1,0,1,0,0,0
229,14000,0,12,1,0,1,0,1,0,0,0
2599,97000,0,24,1,1,1,0,0,0,0,0
774,29600,3,12,1,0,0,1,1,0,0,0
638,71200,1,12,0,1,1,1,0,0,1,0
378,15000,0,12,1,0,0,0,0,0,0,0
1552,64000,1,6,0,1,0,0,0,1,0,0
979,33000,0,12,0,1,0,1,0,0,1,0
2479,74400,0,18,1,1,1,1,0,0,0,1
450,20300,2,24,0,0,0,0,1,0,0,0
2763,68700,0,24,0,1,1,0,0,1,0,1
1560,53600,3,24,0,1,0,0,1,0,1,0
1037,33200,0,24,1,0,1,1,0,0,1,0
690,70900,0,6,1,1,0,1,1,0,0,0
770,23200,3,24,1,0,1,0,1,0,0,0
643,41400,0,18,0,0,1,1,1,0,1,0
1512,63200,0,24,1,1,1,0,1,0,0,1
1485,107400,0,12,0,1,1,1,0,0,0,1
570,13900,0,24,0,0,0,0,1,0,0,0
1165,79900,1,18,1,1,1,0,0,1,1,0
1926,120000,3,18,0,1,0,1,0,1,0,1
2243,66300,0,18,0,1,0,0,0,0,0,0
342,54400,3,18,1,0,1,1,0,1,0,0
1654,84200,0,24,0,1,1,1,0,1,0,1
363,13800,0,18,1,1,1,0,1,0,0,0
222,14500,1,6,1,0,0,0,1,0,0,0
677,21300,0,24,0,0,1,0,1,0,0,0
482,29000,0,6,0,0,1,0,0,0,0,0
385,14600,1,24,1,0,1,0,0,0,0,0
1443,65300,0,18,0,0,1,1,0,0,0,1
1789,100800,1,24,1,1,1,1,0,1,0,1
991,19800,1,24,1,0,0,0,1,0,0,0
536,56700,2,18,0,0,1,1,0,1,0,0
2183,90200,0,18,0,1,1,0,0,0,0,1
494,26100,1,6,0,0,1,0,1,0,0,0
503,15900,0,18,1,0,1,0,1,0,0,0
87,12700,3,12,1,0,1,0,1,0,0,0
917,43200,0,24,0,0,1,0,0,1,0,0
1976,114100,1,24,1,1,1,0,0,1,0,0
316,96100,3,12,0,1,1,1,0,1,0,0
1634,97200,0,12,0,1,1,1,0,1,0,0
2035,82400,2,24,0,1,0,1,0,1,0,1
3293,62000,0,24,0,0,0,1,0,0,0,1
143,13400,1,12,1,0,1,0,1,0,0,0
635,108200,3,12,0,1,1,1,0,1,0,0
979,76200,0,12,1,1,1,1,1,0,0,1
1838,81800,1,18,0,1,1,0,0,1,0,1
264,12000,0,6,1,0,0,0,1,0,0,0
719,76100,0,6,0,1,1,1,0,1,0,0
1308,82100,1,18,0,1,1,1,0,1,0,1
3378,103300,0,24,1,1,1,1,0,0,0,1
400,14200,1,24,0,0,1,0,1,0,0,0
847,47500,0,6,1,0,0,1,0,1,0,1
357,31300,1,6,1,0,1,0,1,0,0,0
1276,32700,1,18,1,1,0,0,1,0,0,0
2492,72200,0,24,0,1,1,1,0,1,0,1
1512,107600,2,12,1,1,1,1,0,1,1,0
870,109900,2,12,0,1,1,1,0,1,1,0
938,65400,2,24,1,1,1,1,0,1,1,0
1584,43300,0,12,1,0,1,1,0,0,0,0
1148,51900,0,12,1,0,1,1,0,0,1,0
2840,80600,0,24,1,1,0,1,0,1,0,1
827,42700,0,12,1,0,1,0,0,1,1,0
428,19000,0,12,0,0,0,0,1,0,0,0
183,14500,1,6,1,0,1,0,1,0,0,0
818,68200,1,6,1,1,1,1,0,1,0,0
731,36700,0,12,0,1,1,0,1,0,1,0
2163,54600,0,24,0,1,0,1,0,0,0,1
1081,65900,1,12,0,1,1,1,0,1,1,0
1085,39600,0,12,0,0,0,1,1,0,0,0
1212,67300,3,6,0,1,0,0,1,0,0,0
1422,59700,1,18,0,0,1,1,0,1,0,0
2238,102800,2,18,1,1,0,1,0,1,0,1
1615,34700,0,18,1,0,1,0,0,1,0,0
713,50600,3,6,0,0,1,1,0,1,0,0
607,106700,2,6,0,1,1,0,0,1,1,0
735,53900,1,6,0,0,1,0,0,1,1,0
139,25500,2,6,1,1,1,0,1,0,0,0
1357,46300,1,18,0,1,0,0,1,0,1,0
858,55500,0,18,0,1,1,1,0,0,1,0
408,27800,3,12,1,0,1,1,1,0,0,0
1553,118600,1,12,0,1,1,1,0,1,0,0
2070,130700,3,6,1,1,1,1,0,1,0,0
922,42800,0,12,0,0,1,0,0,0,1,0
2502,118300,1,12,1,1,0,1,0,1,0,1
426,25600,2,18,1,0,0,0,1,0,0,0
2321,63500,2,24,0,1,1,0,0,1,0,0
862,30900,0,18,1,0,1,1,0,0,1,0
2555,55900,1,24,0,0,1,1,0,1,0,0
1186,53900,0,12,0,0,0,1,0,1,0,0
2842,84300,0,24,0,1,1,1,0,0,0,1
886,53400,1,12,0,0,1,1,0,0,1,0
1420,96900,1,12,0,1,1,1,0,1,0,1
821,55800,1,6,0,0,0,0,0,1,0,0
242,25900,1,6,1,1,1,0,1,0,0,0
472,22000,1,12,1,0,1,0,1,0,0,0
1231,96700,2,12,1,1,1,0,0,1,1,0
881,40200,1,12,1,0,1,0,0,1,0,0
435,26800,0,12,0,1,1,1,0,0,0,0
108,16700,2,12,1,0,1,0,1,0,0,0
576,40900,2,18,1,1,1,0,1,0,0,0
1314,41500,3,24,0,1,0,0,1,0,0,0
296,20900,0,6,0,0,1,0,1,0,0,0
584,69700,2,6,1,1,1,0,1,0,1,0
1156,61800,0,24,0,0,1,0,0,1,0,1
2464,102500,1,24,0,1,1,1,0,1,0,1
915,48900,3,18,1,1,1,1,0,1,0,0
2091,60300,0,24,0,0,1,1,0,1,0,0
1690,41600,0,24,0,1,0,0,1,0,0,1
1274,73700,1,12,0,0,1,1,0,1,1,0
1012,27000,1,24,1,0,1,0,1,0,0,0
950,43700,0,12,1,0,1,0,0,1,1,0
333,10200,2,12,0,0,1,0,1,0,0,0
679,63300,2,24,1,1,1,1,0,1,1,0
607,33200,2,12,1,0,0,1,1,0,1,0
3398,78800,0,18,1,1,0,1,0,0,0,1
859,82500,0,6,0,1,1,1,0,1,0,1
2444,80800,2,18,0,0,0,1,0,1,0,1
1078,88100,2,24,0,1,1,1,0,1,1,0
2537,124800,3,18,0,1,0,0,0,1,0,1
616,31900,0,6,0,0,1,1,1,0,1,0
508,53300,3,6,1,0,1,1,0,1,0,0
297,15400,0,6,0,1,0,1,0,0,0,0
1583,70200,0,6,0,1,1,1,0,1,0,0
79,23000,3,6,1,0,1,0,1,0,0,0
657,82400,2,18,1,1,1,1,0,1,1,0
2149,97900,0,24,1,1,1,1,0,1,0,1
3632,88400,0,18,1,1,0,0,0,0,0,1
2230,86900,0,18,1,1,1,1,0,1,0,1
448,45100,1,12,1,0,1,1,0,1,1,0
301,41800,3,24,0,0,1,0,0,1,0,0
1968,74800,0,18,0,1,1,1,0,0,0,1
490,73000,1,6,1,1,1,0,0,1,1,0
3063,118500,1,24,0,1,1,1,0,1,0,1
193,65300,3,6,0,0,1,1,0,1,0,0
544,66300,2,12,1,1,1,0,0,1,1,0
2666,103900,1,24,0,1,0,1,0,1,0,1
1846,71900,0,18,1,1,1,1,0,1,0,1
1255,86100,1,12,0,1,0,1,0,1,0,0
1081,96300,1,12,0,1,1,1,0,1,0,1
199,10200,3,6,1,0,1,0,1,0,0,0
3916,96300,2,18,0,1,1,1,0,1,0,0
357,24000,1,6,1,0,0,1,0,0,0,0
983,46700,0,24,1,1,1,0,0,1,1,0
1194,53700,2,12,1,0,1,0,0,1,0,0
2224,108300,2,12,0,1,1,0,0,1,0,0
90,12100,1,6,1,0,1,0,1,0,0,0
587,36600,0,6,0,1,1,0,1,0,0,0
1088,66300,0,12,0,1,1,1,0,0,0,1
617,33400,1,6,1,0,1,1,1,0,0,0
1227,70000,1,6,0,1,0,1,0,1,0,0
662,47900,1,24,1,0,1,1,0,1,1,0
622,40500,2,18,1,1,1,0,0,1,0,0
1477,69100,0,12,0,0,1,1,0,0,0,1
236,13300,1,6,1,0,1,0,1,0,0,0
1830,75800,1,12,1,1,0,0,0,1,0,1
1583,48600,0,24,1,1,1,0,0,1,1,0
610,39600,0,12,1,0,1,1,0,0,1,0
193,11700,0,12,1,0,1,0,1,0,0,0
1052,52600,1,12,0,1,1,0,1,0,1,0
307,14600,3,6,0,0,1,0,1,0,0,0
3671,123000,0,24,0,1,1,1,0,0,0,1
2206,64600,0,18,1,1,0,0,0,0,0,1
748,34600,2,18,1,0,0,1,0,1,1,0
1481,74500,0,6,0,1,1,1,0,1,0,1
1607,56600,0,24,0,1,1,1,0,0,0,0
632,37000,1,6,1,0,1,0,0,0,0,0
303,18400,1,6,1,0,0,0,1,0,0,0
264,25000,0,6,0,0,1,0,1,0,0,0
1575,61400,1,24,0,1,0,1,0,1,0,1
881,76400,2,18,0,1,1,1,0,1,1,0
1439,55100,0,18,0,1,1,1,1,0,1,0
452,22800,0,12,1,1,0,1,0,0,0,0
93,10100,1,6,1,1,1,1,0,0,0,0
292,17800,0,18,0,0,1,0,1,0,0,0
1426,59100,1,6,1,1,1,1,0,1,0,0
330,19700,2,6,1,0,0,0,1,0,0,0
3120,73800,0,24,0,1,0,1,0,1,0,1
5151,113300,1,18,0,1,0,1,0,1,0,1
3941,118400,2,12,0,1,0,1,0,1,0,0
2141,92300,1,24,0,1,1,1,0,1,0,0
106,11200,0,6,0,0,1,0,1,0,0,0
530,30100,0,12,1,1,0,0,1,0,1,0
500,43500,1,12,1,0,1,1,0,1,1,0
2837,97500,0,18,0,1,1,1,0,1,0,1
1246,54600,0,24,0,1,1,1,0,0,1,0
798,42500,1,6,0,0,0,0,0,1,0,0
1544,82800,0,6,0,0,1,1,0,1,0,0
2644,62300,0,24,0,1,0,1,0,0,0,1
192,21900,2,6,0,0,0,0,1,0,0,0
865,35600,3,18,1,0,0,0,0,1,0,0
1159,96900,0,6,0,1,1,1,0,1,0,1
1480,36900,1,18,1,1,1,0,1,0,0,0
1426,93500,1,18,1,1,1,0,0,1,0,1
3048,97300,1,12,0,1,1,1,0,1,0,0
276,21900,0,12,0,0,1,0,1,0,0,0
1910,63000,0,24,0,0,1,0,0,1,0,1
157,11500,3,6,1,0,1,0,1,0,0,0
236,44600,2,6,0,0,1,1,0,1,0,0
576,21900,1,12,1,0,1,0,1,0,0,0
794,45100,1,12,0,0,0,0,0,1,1,0
1474,74900,0,12,1,1,1,1,0,0,0,1
250,14200,0,6,0,0,1,0,1,0,0,0
788,23200,2,24,1,0,0,0,1,0,0,0
1694,73300,0,12,0,1,1,1,0,0,0,0
1985,41300,0,24,0,1,0,1,0,0,0,1
1252,32700,0,24,1,0,0,1,0,0,1,0
827,35200,0,12,1,0,1,1,0,0,0,0
314,13100,0,18,1,0,1,0,1,0,0,0
880,97400,1,6,0,1,1,1,0,1,0,1
466,23100,2,6,1,0,0,0,1,0,0,0
210,49200,3,12,0,0,1,1,0,1,0,0
902,45000,1,18,0,0,0,1,0,1,0,0
1274,87200,0,18,0,1,1,1,0,1,0,1
1631,49900,1,24,0,0,1,1,0,1,0,0
1220,66900,0,12,0,1,1,1,0,1,0,1
801,47600,1,12,1,0,1,1,0,1,1,0
1090,47900,0,12,1,0,1,1,0,1,0,0
1699,59400,0,18,0,0,1,1,0,1,1,0
273,32700,2,6,1,0,1,0,0,1,0,0
523,34200,1,18,0,0,1,0,0,1,0,0
1437,96600,0,12,0,1,1,1,0,1,0,0
1888,126300,1,6,1,1,1,1,0,1,0,1
476,31600,1,12,0,0,1,0,1,0,0,0
2632,108100,3,18,1,1,0,1,0,1,0,1
326,43300,3,24,1,0,1,0,0,1,0,0
446,17900,0,6,1,0,0,0,0,0,0,0
1071,50100,1,18,0,0,0,1,0,1,0,1
1699,74700,0,12,1,1,1,1,0,0,0,1
966,60000,0,6,0,1,1,0,0,0,1,0
567,33400,0,12,0,0,1,1,1,0,0,0
1658,68800,0,6,1,1,1,0,0,1,0,0
173,25700,2,6,1,0,1,0,0,1,0,0
3344,83700,0,24,0,1,1,1,0,1,0,1
1029,50500,0,12,0,0,1,0,0,1,1,0
345,17300,0,12,1,0,1,0,1,0,0,0
712,45800,0,6,0,0,1,1,0,1,0,0
1841,108900,0,12,0,1,1,1,0,0,0,1
409,60500,2,6,1,1,1,0,0,1,0,0
2710,84100,0,18,1,1,0,1,0,0,0,1
592,25100,0,12,0,1,0,0,1,0,1,0
2101,69900,1,18,0,1,1,1,0,1,0,0
1473,97100,0,12,0,1,1,1,0,1,0,0
715,72200,2,18,1,1,1,1,0,1,1,0
2233,78900,0,18,1,1,0,1,0,0,0,1
921,62500,3,6,1,0,0,1,0,1,0,0
216,17800,1,6,1,0,1,0,1,0,0,0
1781,105500,1,6,1,1,1,1,0,1,0,1
418,46100,2,12,1,0,1,1,0,1,0,0
268,27100,1,12,0,0,1,0,1,0,0,0
1252,60300,1,6,0,1,0,0,1,0,0,0
140,12000,0,6,1,0,1,0,1,0,0,0
992,48400,0,12,1,0,1,1,0,1,1,0
1388,45600,0,18,0,0,1,0,0,1,1,0
233,35200,2,6,1,0,1,1,0,1,0,0
2304,60200,0,24,0,0,0,0,0,1,0,1
2177,53900,1,18,1,1,0,0,0,1,0,1
1127,70400,2,12,0,1,1,1,0,1,0,0
721,36900,0,18,0,1,1,0,1,0,1,0
438,36100,0,12,1,0,1,1,0,0,1,0
393,11000,2,18,1,0,1,0,1,0,0,0
1666,61600,0,18,0,0,1,1,0,1,0,0
2448,88700,1,18,0,1,1,1,0,1,0,0
2563,88600,1,18,1,1,0,1,0,1,0,1
1763,79500,0,18,0,1,1,0,0,1,0,1
184,18900,1,6,1,0,1,0,1,0,0,0
166,17300,0,6,1,0,1,1,0,0,0,0
1014,81400,2,6,1,1,1,0,0,1,0,0
1140,36500,0,24,0,1,1,0,1,0,1,0
1021,43300,1,18,1,0,1,1,0,1,0,0
1431,76700,1,24,0,1,1,1,0,1,1,0
5878,123000,1,24,0,1,0,1,0,1,0,1
321,56300,3,6,0,0,1,1,0,1,0,0
1974,70000,0,24,0,1,1,1,0,1,0,1
1640,48100,0,18,0,0,1,1,0,1,1,0
1175,79400,0,6,1,1,1,0,1,0,0,0
364,63700,3,12,1,1,1,1,0,1,0,0
417,21200,0,12,0,0,1,0,1,0,0,0
1060,53900,0,12,0,0,1,0,0,1,1,0
2176,118800,0,18,1,1,1,1,0,0,0,1
200,79400,3,6,1,1,1,1,0,1,0,0
513,20400,0,24,1,0,0,0,0,0,0,0
857,52400,0,18,0,0,1,0,0,1,0,0
224,17600,0,6,1,0,1,1,0,0,0,0
371,23500,0,12,0,0,1,0,1,0,0,0
687,56900,2,12,0,1,1,0,1,0,0,0
809,95100,2,12,0,1,1,1,0,1,1,0
2090,119800,2,24,0,1,1,1,0,1,1,0
1479,58700,0,24,0,0,1,1,0,0,0,0
534,76700,2,6,1,1,1,1,0,1,1,0
1172,67600,1,18,0,1,1,1,0,1,1,0
968,61500,2,24,0,0,1,1,0,1,1,0
753,72900,0,6,1,1,1,1,0,0,0,1
242,21200,0,6,1,0,1,0,0,0,0,0
515,32400,1,12,0,0,1,0,0,0,0,0
2119,62200,3,24,1,1,1,1,0,1,0,0
491,24400,0,6,1,0,1,1,0,0,0,0
286,66500,3,12,0,1,1,1,0,1,0,0
3069,72200,0,24,1,1,0,0,0,0,0,1
281,16900,2,6,1,0,1,0,1,0,0,0
1608,56300,0,24,0,1,1,0,1,0,0,0
736,22000,0,12,1,0,0,1,0,0,1,0
170,18800,2,18,1,0,1,0,1,0,0,0
245,26600,2,24,1,0,1,0,1,0,0,0
3052,72100,0,24,1,1,1,0,0,1,0,1
1786,55600,0,18,0,0,0,1,0,1,0,1
47,14600,3,6,1,0,1,0,1,0,0,0
1645,45900,0,24,0,1,1,1,0,0,1,0
274,15100,0,6,1,0,1,1,1,0,0,0
1001,140700,3,12,0,1,1,1,0,1,1,0
1944,90300,0,24,0,1,1,1,0,1,0,1
2585,95900,0,24,0,1,1,1,0,0,0,1
260,20800,0,6,0,0,0,0,1,0,0,0
1414,98400,0,12,0,1,1,1,0,1,0,1
341,15000,2,12,1,0,1,0,1,0,0,0
268,17700,1,12,0,0,1,0,1,0,0,0
1237,102400,1,18,0,1,1,1,0,1,0,1
589,17800,1,18,0,0,0,0,1,0,0,0
368,13800,1,12,0,0,0,0,1,0,0,0
940,50500,1,12,1,0,1,0,0,1,1,0
232,42000,3,18,1,0,1,0,0,1,0,0
678,95800,3,12,0,1,1,1,0,1,0,0
324,15200,0,12,0,0,1,0,1,0,0,0
147,15800,2,12,0,0,1,0,1,0,0,0
694,51400,0,6,0,0,1,1,0,0,0,0
526,38200,0,6,1,1,1,0,0,0,1,0
586,39900,1,12,1,0,1,0,0,1,0,0
491,21600,2,12,1,0,1,1,1,0,0,0
1436,65900,0,24,1,1,1,1,0,0,0,1
1280,97500,1,12,1,1,1,1,0,1,0,1
2107,63000,0,18,0,1,0,0,0,1,0,1
860,31900,0,12,1,0,0,1,1,0,0,0
1624,45500,1,18,1,0,0,0,0,1,0,0
230,12800,0,12,1,0,1,1,0,0,0,0
164,12600,2,12,1,1,0,1,0,0,0,0
157,50700,3,6,0,0,1,0,0,1,0,0
62,17900,3,6,1,0,1,0,1,0,0,0
223,14400,1,18,1,0,1,0,1,0,0,0
438,23800,0,6,1,0,1,1,0,0,0,0
2705,84700,3,24,0,1,1,1,0,1,0,0
371,36900,1,6,1,0,1,0,0,1,0,0
201,20600,0,6,1,0,1,1,0,0,0,0
1213,41500,0,24,0,1,1,0,1,0,0,0
586,83100,2,6,0,1,1,1,0,1,1,0
2693,88700,2,24,0,1,0,1,0,1,0,1
1404,54700,0,24,1,1,1,1,0,0,1,0
2784,68900,2,18,0,0,1,1,0,1,0,0
275,22200,2,18,1,0,1,0,1,0,0,0
794,70900,1,12,1,1,1,1,0,1,1,0
964,55900,0,12,0,0,1,1,0,1,1,0
1598,80800,1,18,1,1,1,1,0,1,0,0
2838,100600,3,24,0,1,0,1,0,1,0,1
619,39900,0,6,1,0,1,1,0,0,0,0
392,71200,3,12,1,1,1,0,1,0,0,0
1850,61000,0,18,1,1,1,1,0,0,0,0
1506,38700,0,24,0,0,1,1,0,0,0,0
3126,98900,0,18,0,1,0,1,0,1,0,0
1325,64300,0,6,0,0,1,1,0,1,0,0
1541,75600,0,12,1,1,1,1,0,1,0,0
2491,53700,0,24,1,1,0,0,1,0,0,1
1177,66600,0,18,0,0,1,1,0,1,0,1
1487,89000,0,12,1,1,1,1,0,0,0,1
322,18200,2,12,1,0,0,0,1,0,0,0
647,73600,1,6,1,1,1,0,1,0,1,0
1322,45600,0,12,1,0,0,0,0,1,0,1
1534,73000,0,6,0,1,1,1,1,0,0,0
583,29600,3,12,0,0,1,1,1,0,0,0
1705,92900,1,6,0,1,1,0,0,1,0,0
191,13900,0,6,1,0,0,0,0,0,0,0
239,64300,3,6,0,1,1,0,1,0,0,0
568,77100,2,6,0,1,1,1,0,1,1,0
571,27500,3,12,1,0,1,1,1,0,0,0
919,81800,0,6,0,1,1,0,0,0,0,1
1398,41700,0,18,1,1,1,0,0,0,1,0
1025,51000,0,12,1,1,1,1,0,0,1,0
909,55900,1,12,0,0,1,0,0,1,1,0
209,19800,2,12,0,0,1,0,1,0,0,0
245,17600,0,6,0,0,1,0,1,0,0,0
2362,84100,1,24,0,1,0,0,0,1,0,1
3380,85600,0,24,0,1,1,1,0,1,0,1
424,13400,0,18,0,0,1,0,1,0,0,0
1272,47200,1,12,1,1,0,0,1,0,1,0
1909,96300,1,24,0,1,1,1,0,1,0,1
340,60500,3,12,0,1,1,1,0,1,0,0
1355,35800,1,24,1,0,1,1,0,1,0,0
472,106100,3,12,0,1,1,0,0,1,0,0
303,18000,0,12,0,0,1,0,1,0,0,0
1079,50000,1,6,0,0,0,0,0,1,0,0
981,58200,0,18,1,0,1,1,0,0,1,0
160,13500,2,12,1,0,0,0,1,0,0,0
613,59900,1,6,1,1,1,1,0,1,0,0
662,18400,1,12,1,0,0,0,1,0,0,0
177,62800,3,6,0,1,1,0,0,1,0,0
785,70000,0,6,0,0,1,0,0,1,0,1
349,13600,1,18,1,0,0,0,1,0,0,0
213,97400,3,6,1,1,1,0,0,1,0,0
1578,37500,0,18,1,1,0,1,0,0,1,0
258,22800,0,6,1,0,1,1,0,0,0,0
192,14200,0,6,1,0,1,0,1,0,0,0
289,18700,0,12,0,0,1,0,1,0,0,0
1821,107400,1,24,0,1,1,1,0,1,0,1
905,28900,0,24,1,0,0,0,1,0,1,0
188,38400,2,6,0,1,1,0,0,1,0,0
1405,54200,0,18,0,0,1,0,0,1,0,0
2381,102700,0,18,0,1,1,1,0,0,0,0
184,13300,1,6,1,0,1,0,1,0,0,0
1364,60200,3,12,0,0,1,1,0,1,0,0
414,21400,0,12,0,0,1,0,1,0,0,0
387,21700,2,6,1,0,1,0,1,0,0,0
504,23200,1,24,0,0,1,0,1,0,0,0
574,64800,2,12,0,1,1,1,0,1,1,0
984,55600,0,6,0,0,1,0,0,1,1,0
5209,89500,0,24,0,1,0,1,0,1,0,1
422,12500,1,12,1,0,0,0,1,0,0,0
1594,87000,0,24,0,1,1,1,0,1,0,1
1087,31200,3,24,1,0,0,0,0,1,0,0
163,13700,1,6,1,0,1,0,1,0,0,0
427,55500,3,18,0,0,1,1,0,1,0,0
624,58600,1,6,1,0,1,0,0,1,1,0
788,55900,1,6,1,1,0,1,1,0,0,0
414,13700,2,24,1,0,0,0,1,0,0,0
3001,81400,0,24,1,1,0,1,0,0,0,1
863,90500,0,6,1,1,1,1,0,0,0,1
1517,82200,1,12,1,1,1,1,0,1,0,0
836,65400,3,6,0,1,0,1,0,1,0,0
1152,74400,0,12,0,0,1,1,0,1,0,1
1408,63300,3,6,0,1,0,0,1,0,0,0
1082,51600,0,12,0,1,0,0,1,0,0,0
1162,55000,0,12,0,1,0,0,1,0,0,0
358,43900,2,6,1,0,1,1,0,1,0,0
304,20300,1,12,1,0,1,1,1,0,0,0
360,16300,0,12,1,0,0,1,1,0,0,0
1162,97600,2,12,0,1,1,1,0,1,1,0
348,15100,0,6,1,0,0,0,0,0,0,0
206,12500,3,12,1,0,1,0,1,0,0,0
114,10600,2,12,1,0,1,0,1,0,0,0
932,41300,1,18,1,0,1,1,0,1,0,0
446,27200,2,18,1,0,1,1,1,0,0,0
2466,102400,1,12,0,1,1,1,0,1,0,0
576,27900,1,12,1,0,0,1,1,0,0,0
428,23800,0,12,0,1,0,0,0,0,0,0
2247,100000,1,24,0,1,1,1,0,1,0,1
716,43300,3,24,1,1,0,0,0,1,1,0
1017,65800,1,12,0,1,1,1,0,1,0,0
613,49700,2,18,1,1,1,1,0,1,0,0
580,82300,2,12,1,1,1,0,0,1,1,0
841,41200,0,12,0,0,1,0,0,1,1,0
737,29200,0,18,0,0,1,0,1,0,0,0
1162,51900,2,12,1,0,1,1,0,1,0,0
895,85500,2,18,1,1,1,1,0,1,1,0
205,12400,3,18,1,0,0,0,1,0,0,0
2340,111900,1,12,1,1,1,1,0,1,0,0
630,40400,1,24,1,0,1,0,0,1,0,0
407,10900,0,24,0,0,0,0,1,0,0,0
2122,82400,3,18,0,1,1,1,0,1,0,0
227,13200,1,12,1,0,1,0,1,0,0,0
1149,57800,0,24,0,0,1,0,0,1,1,0
669,52200,1,12,1,1,1,1,0,0,1,0
2935,64600,2,24,0,1,0,0,0,1,0,0
1444,43100,0,24,1,0,1,1,0,1,0,0
1384,40100,0,12,1,1,0,1,0,0,1,0
1557,84500,0,12,0,1,1,1,0,0,0,0
802,34500,0,12,0,1,1,0,0,0,1,0
1611,61000,1,18,1,1,1,0,1,0,0,0
2047,79300,0,12,1,1,0,1,0,0,0,0
1175,44500,0,24,0,0,1,0,0,1,1,0
1011,39700,0,18,0,1,1,0,1,0,1,0
1062,30300,0,18,1,0,1,1,0,0,0,0
271,20100,1,12,1,0,1,0,1,0,0,0
2690,86500,0,24,0,1,0,1,0,0,0,1
918,42500,0,24,1,0,1,0,0,0,1,0
2438,102300,0,24,0,1,1,1,0,1,0,1
1307,52600,2,12,1,0,0,1,0,1,1,0
1185,37800,2,12,1,0,0,0,0,1,0,0
180,20300,2,12,1,0,1,0,1,0,0,0
1198,71600,1,12,0,1,1,1,0,1,0,0
1001,54500,1,18,0,1,1,0,1,0,1,0
1355,54700,0,24,0,0,1,0,0,1,1,0
989,58600,2,6,0,0,0,0,0,1,0,0
1803,53800,0,12,0,0,0,0,0,1,0,1
2840,131500,3,6,1,1,1,1,0,1,0,0
1909,52200,0,24,0,0,0,0,0,1,0,1
247,37200,1,6,0,1,1,0,1,0,0,0
814,22900,1,12,0,0,0,0,1,0,0,0
216,55500,3,12,0,1,1,0,1,0,0,0
365,12800,1,24,1,0,0,0,1,0,0,0
163,17600,2,18,1,0,1,0,1,0,0,0
933,28300,0,24,1,0,0,1,0,0,1,0
654,41900,0,6,0,0,1,1,0,0,1,0
153,14100,3,6,1,0,1,0,1,0,0,0
1668,52100,0,12,0,0,1,0,0,1,0,0
1009,38700,1,18,0,0,0,0,0,1,1,0
1659,44100,1,18,1,0,0,0,0,1,1,0
1905,79200,1,6,0,1,0,1,0,1,0,1
521,22600,3,6,1,0,1,0,1,0,0,0
826,55100,2,6,0,0,1,0,0,1,0,0
2610,70400,0,18,1,1,0,1,0,0,0,1
1194,107300,2,24,0,1,1,1,0,1,1,0
1181,66500,1,24,1,1,1,0,0,1,0,0
362,10200,0,24,0,0,1,0,1,0,0,0
768,41000,1,12,1,0,0,1,1,0,1,0
381,26200,1,12,1,0,1,0,0,1,0,0
1811,72200,3,18,0,1,0,0,0,1,1,0
1218,36700,1,24,0,0,0,0,0,1,1,0
1413,74500,0,18,0,1,0,1,0,0,0,0
1748,60200,1,12,1,0,1,1,0,1,0,0
639,34500,0,24,0,0,1,0,0,0,1,0
1582,83700,0,18,1,1,1,1,0,0,0,1
376,14800,1,12,0,0,0,0,1,0,0,0
1757,106400,0,12,0,1,1,1,0,1,0,0
105,42000,3,6,1,1,1,0,1,0,0,0
2631,118800,0,12,0,1,1,0,0,1,0,1
486,21900,2,24,1,0,0,1,1,0,0,0
412,39500,1,6,0,0,1,0,0,1,0,0
716,45900,0,12,0,0,1,0,0,1,1,0
653,37100,2,24,1,1,1,0,1,0,0,0
224,28200,1,6,1,0,1,0,0,1,0,0
705,74600,2,18,0,1,1,0,0,1,1,0
4984,122700,1,18,0,1,1,1,0,1,0,0
197,14200,2,18,1,0,1,0,1,0,0,0
2450,75500,0,18,0,1,0,1,0,1,0,0
2561,62900,0,24,0,0,1,1,0,1,0,0
563,19400,0,6,0,0,0,0,1,0,0,0
546,46600,0,12,1,0,1,0,0,1,0,0
3384,79700,1,24,0,1,0,1,0,1,0,1
416,45900,2,12,0,0,1,1,0,1,0,0
685,42800,0,6,1,1,1,1,0,0,1,0
1931,65500,0,24,0,1,0,1,0,0,0,1
573,33600,0,12,1,0,1,0,0,0,1,0
1553,55600,1,18,1,0,0,1,0,1,0,1
362,24000,2,6,1,0,1,0,1,0,0,0
907,25700,0,18,0,0,0,0,1,0,1,0
445,21500,0,18,1,1,1,1,0,0,0,0
1342,68600,0,18,1,1,1,0,0,0,0,1
457,23100,2,12,1,0,0,0,1,0,0,0
1598,53300,0,24,1,1,1,0,0,1,1,0
1861,112800,0,12,1,1,1,1,0,0,0,1
4109,124900,0,18,0,1,1,1,0,0,0,1
3278,72200,0,18,1,0,1,1,0,1,0,0
421,35100,1,6,0,0,1,0,0,1,0,0
275,14900,0,12,1,0,1,0,0,0,0,0
1475,72000,0,12,0,0,1,0,0,1,0,1
1779,82400,0,18,0,1,1,1,0,1,0,1
1634,41600,3,24,0,1,1,0,1,0,0,0
1500,68500,2,12,1,1,1,1,0,1,0,0
1348,62200,0,24,0,1,1,1,1,0,0,1
962,35900,0,12,1,0,1,1,0,0,0,0
328,14100,0,12,0,0,1,0,1,0,0,0
747,36500,1,18,1,1,1,0,1,0,0,0
1713,86400,1,12,1,1,1,1,0,1,0,1
1006,39500,0,12,1,1,1,0,0,0,1,0
2523,85300,0,12,0,1,1,1,0,0,0,0
2458,110700,0,12,1,1,1,1,0,0,0,1
742,17700,0,18,0,0,0,0,1,0,0,0
1639,33200,1,24,1,1,0,0,1,0,0,0
843,53800,0,12,1,0,1,1,0,1,1,0
886,44400,0,18,0,0,1,0,0,0,1,0
2746,135700,1,24,1,1,1,0,0,1,0,1
550,20700,1,12,1,0,0,0,1,0,0,0
2098,83500,2,24,0,1,0,0,0,1,0,1
954,84200,2,24,1,1,1,0,0,1,1,0
1041,79900,1,12,1,1,1,0,0,1,1,0
535,19700,0,6,1,0,0,0,0,0,0,0
1369,35300,0,18,1,0,1,0,0,1,0,0
2545,52000,0,18,0,1,0,1,0,0,0,1
329,21300,1,12,0,0,1,0,1,0,0,0
1351,63700,0,6,0,0,1,1,0,1,0,0
582,25900,0,18,1,1,1,1,0,0,0,0
578,65800,2,18,0,1,1,0,0,1,1,0
195,11000,0,24,1,0,1,0,0,0,0,0
777,65900,0,12,1,1,1,0,0,0,0,1
1133,108100,1,12,1,1,1,1,0,1,0,1
1566,107300,2,18,0,1,1,1,0,1,1,0
1651,79500,0,12,1,1,1,0,0,1,0,1
3168,95900,0,24,1,1,1,0,0,1,0,0
699,45200,1,18,0,0,1,0,0,1,1,0
2034,98500,0,18,0,1,1,1,0,1,0,1
1457,96200,0,12,1,1,1,1,0,0,0,1
395,17900,0,18,0,0,1,0,1,0,0,0
541,42700,0,6,0,1,1,1,0,1,1,0
2844,49700,0,24,0,0,0,1,0,1,0,1
225,43000,3,24,1,0,1,0,0,1,0,0
210,15500,1,6,1,0,1,0,1,0,0,0
43,13000,3,6,0,0,1,0,1,0,0,0
243,27200,3,24,1,0,1,0,0,1,0,0
1120,26700,0,24,1,1,1,1,0,0,0,0
975,61000,0,6,0,0,0,1,0,0,0,1
2904,76600,3,24,1,1,1,1,0,1,0,0
927,117500,2,12,0,1,1,1,0,1,1,0
3167,90600,0,24,0,1,1,1,0,0,0,1
241,12600,0,6,1,0,0,0,1,0,0,0
65,12700,2,6,1,0,1,1,0,0,0,0
858,77600,3,12,1,1,0,1,0,1,1,0
2191,92400,1,6,1,1,0,0,0,1,0,0
1946,71800,0,24,1,1,1,0,0,0,0,1
2581,95800,3,12,0,1,0,1,0,1,0,0
172,32600,3,12,1,0,1,1,1,0,0,0
824,74500,2,12,0,1,1,1,0,1,1,0
556,29200,0,12,1,0,1,0,0,0,0,0
167,12900,1,6,1,0,0,0,1,0,0,0
2104,117700,1,12,0,1,1,0,0,1,0,1
1332,64100,1,18,1,1,1,1,0,1,1,0
829,46500,1,24,1,0,1,0,0,1,1,0
229,12400,1,12,1,0,1,0,1,0,0,0
3442,130600,0,18,0,1,0,1,0,1,0,1
1893,74400,0,6,0,1,0,1,0,1,0,1
690,40600,2,6,1,0,0,1,0,0,1,0
486,54200,1,6,1,1,1,0,1,0,1,0
2290,65400,1,12,0,0,0,1,0,1,0,1
934,49100,0,6,0,0,1,0,0,1,0,0
517,10600,2,24,1,0,1,0,1,0,0,0
2216,76400,0,12,1,1,1,0,1,0,0,0
1521,93700,1,24,1,1,1,0,0,1,0,1
1523,49000,0,18,0,0,0,0,0,1,0,1
1364,96500,1,18,1,1,1,1,0,1,0,1
952,55600,0,12,0,0,1,1,0,1,0,0
871,99600,1,6,0,1,1,1,0,1,0,1
295,79900,3,12,1,1,1,1,0,1,0,0
642,50500,0,12,1,1,1,0,0,0,1,0
317,16300,0,6,1,0,0,1,0,0,0,0
1078,49200,0,12,1,1,1,1,0,0,1,0
961,48100,2,18,0,0,0,1,0,1,1,0
1241,61300,2,24,0,0,0,1,0,1,0,1
1999,72600,1,18,1,1,1,1,0,1,0,0
571,19500,0,24,0,0,0,0,1,0,0,0
329,17200,1,12,1,0,1,0,1,0,0,0
1984,51100,0,24,0,0,0,0,0,1,0,1
1061,76800,1,18,0,0,1,1,0,1,1,0
1955,60200,0,12,0,0,0,1,0,1,0,1
580,59100,2,18,0,0,1,0,0,1,0,0
883,32500,0,24,1,0,1,1,0,0,1,0
1195,49500,2,12,1,0,0,0,0,1,1,0
2318,109600,1,12,0,1,1,1,0,1,0,1
640,47300,0,6,1,1,1,0,1,0,0,0
2644,93000,1,24,0,1,1,0,0,1,0,1
1320,32000,1,24,1,0,0,1,1,0,0,0
502,44700,1,6,1,0,1,1,1,0,1,0
2419,69400,0,18,1,1,1,1,0,0,0,1
661,64300,2,6,0,1,1,1,0,1,1,0
2723,75400,0,24,0,0,0,1,0,1,0,1
1588,96100,0,6,0,1,1,1,0,1,0,1
581,118000,3,12,1,1,1,1,0,0,0,0
1432,69700,1,12,0,1,1,0,1,0,1,0
929,59300,0,12,0,0,1,1,0,0,1,0
212,88600,3,6,1,1,1,0,0,1,0,0
2546,102600,0,18,0,1,1,1,0,1,0,1
1344,43700,0,18,0,0,1,0,0,1,0,0
947,22400,0,24,1,1,1,1,0,0,0,0
2145,70500,1,24,0,1,0,0,0,1,0,0
757,54200,1,6,0,1,1,1,0,1,1,0
451,25300,1,6,1,0,0,1,0,1,0,0
2975,116100,1,24,0,1,1,1,0,0,0,1
406,15900,0,18,1,0,1,0,1,0,0,0
158,46600,3,6,1,0,1,1,0,1,0,0
534,23200,0,24,0,0,1,1,1,0,0,0
401,18200,0,12,0,0,1,0,1,0,0,0
1753,82700,1,18,1,1,1,1,0,1,0,1
659,17000,0,18,1,0,1,0,1,0,0,0
726,83000,2,6,0,1,1,1,0,1,1,0
1166,42400,1,18,1,1,1,1,1,0,0,0
1197,40200,2,18,0,0,1,1,0,0,0,0
411,17300,0,6,1,0,0,0,1,0,0,0
2258,109800,1,24,1,1,1,1,0,1,0,1
1913,64400,3,24,1,0,0,1,0,1,1,0
893,27600,1,24,1,0,0,0,1,0,1,0
421,25100,1,6,1,0,1,0,1,0,0,0
1138,46300,3,6,1,0,1,1,0,1,0,0
1804,74900,0,12,1,1,0,1,0,0,0,0
1418,67900,0,18,0,0,1,1,0,1,0,1
1104,88500,2,24,0,1,1,0,0,1,1,0
2796,99200,3,12,0,1,1,1,0,1,0,0
1403,62800,0,18,1,1,1,1,0,0,0,1
3230,76900,2,24,0,1,0,1,0,0,0,1
1352,84100,3,6,0,1,1,1,0,1,0,0
2004,77600,0,18,1,1,1,1,0,0,0,1
403,19100,1,18,1,0,1,0,1,0,0,0
3995,128700,0,24,1,1,0,1,0,0,0,1
390,14400,1,6,1,0,0,0,1,0,0,0
770,49600,0,6,0,1,1,0,0,0,1,0
963,47000,0,6,1,0,1,0,0,1,0,0
833,36600,0,6,1,1,1,0,1,0,1,0
869,65800,1,12,1,0,1,1,0,1,1,0
926,52800,2,12,0,1,0,0,0,1,1,0
3780,96500,0,24,0,1,1,1,0,1,0,1
1023,63500,1,18,1,1,1,0,0,1,1,0
791,60400,1,6,0,0,1,0,0,1,1,0
1473,102700,3,12,0,1,1,1,0,1,0,0
1597,100100,2,6,0,1,1,1,0,1,0,0
1150,54400,0,6,0,0,1,0,0,1,1,0
304,105600,3,6,0,1,1,0,0,1,0,0
1693,57900,0,12,1,1,0,1,0,0,0,1
269,31500,3,18,0,0,1,1,1,0,0,0
1430,60100,1,18,1,1,0,0,0,1,0,1
2729,87400,2,18,0,1,1,0,0,1,0,0
1760,117900,0,6,0,1,1,1,0,1,0,1
1271,48800,1,24,0,0,1,1,0,1,1,0
356,67900,3,12,1,1,1,1,0,1,0,0
1024,66200,0,6,0,1,0,0,0,0,0,0
524,88000,2,6,0,1,1,0,0,1,1,0
1211,94200,1,18,0,1,1,0,0,1,0,1
636,29200,3,6,1,0,1,0,1,0,0,0
645,15300,0,24,0,0,0,0,1,0,0,0
472,17500,0,18,0,0,0,0,1,0,0,0
1512,168800,0,6,0,1,1,1,0,0,0,1
1634,40200,0,18,0,0,0,0,0,1,0,1
182,28400,3,18,0,0,1,0,1,0,0,0
1042,72200,3,18,0,1,0,0,0,1,1,0
1714,55200,0,18,1,0,0,1,0,1,0,1
966,44600,0,18,1,0,1,0,0,1,1,0
829,58400,0,12,0,0,1,1,0,1,1,0
680,67800,1,6,1,0,1,1,0,1,1,0
636,25500,0,18,1,0,1,1,0,0,0,0
182,20000,3,6,1,0,0,0,1,0,0,0
1773,52600,1,18,0,0,0,0,0,1,0,0
2902,97600,1,12,0,1,0,0,0,1,0,0
348,23400,0,6,0,1,1,1,0,0,0,0
548,102500,3,12,1,1,1,1,0,1,0,0
2034,52300,1,18,1,1,0,1,0,1,0,1
2296,65400,0,12,0,0,0,0,0,1,0,1
395,19600,0,12,0,0,1,0,1,0,0,0
850,37000,0,12,0,1,0,1,0,0,1,0
512,13200,0,18,1,0,0,0,1,0,0,0
1622,63800,1,24,0,0,1,0,0,1,1,0
865,22600,0,12,1,0,0,0,0,0,0,0
673,37300,0,6,1,0,1,1,0,0,1,0
422,14900,1,12,0,0,0,0,1,0,0,0
529,36700,1,6,1,0,1,1,0,1,0,0
1932,63200,0,24,0,0,1,1,0,1,0,1
1853,77300,0,18,0,1,1,1,0,0,0,1
1224,43100,1,12,0,0,1,0,0,1,0,0
666,44800,1,6,1,0,0,0,0,1,1,0
1685,70900,0,24,1,1,1,0,0,0,0,1
1476,38200,0,24,1,0,0,0,0,1,1,0
319,18400,1,6,1,0,0,0,1,0,0,0
232,40700,3,18,1,0,1,0,0,1,0,0
1543,71300,0,18,0,0,1,1,0,0,0,1
506,36400,2,18,1,0,1,0,0,1,0,0
172,15400,0,6,0,0,1,0,1,0,0,0
1001,39100,1,12,0,0,0,1,0,1,1,0
606,43800,0,12,0,0,1,0,0,1,1,0
591,25300,0,12,0,0,0,0,1,0,1,0
1389,71800,0,12,0,1,1,0,0,0,0,1
2177,73200,0,24,0,0,1,1,0,1,0,1
2279,79000,1,18,0,1,0,1,0,1,0,1
2702,75200,1,24,1,1,1,0,0,1,0,0
510,25300,3,6,1,0,1,0,1,0,0,0
1047,43600,0,12,1,1,1,1,0,0,1,0
538,83600,2,6,0,1,1,1,0,1,1,0
1546,56200,0,18,1,0,0,1,0,1,0,1
754,45500,0,6,0,1,1,0,1,0,1,0
1504,99300,1,12,0,1,1,1,0,1,0,1
1849,108000,3,24,0,1,0,1,0,1,0,1
3072,84900,1,24,1,1,0,1,0,1,0,1
1046,93000,3,6,0,1,0,1,0,1,0,1
1800,82000,0,18,1,1,1,1,0,1,0,1
700,33000,3,6,1,0,1,1,0,0,0,0
514,36900,2,24,1,0,1,1,0,1,0,0
320,33200,1,6,1,0,1,0,0,1,0,0
1692,49300,0,24,0,1,1,0,1,0,0,0
2057,66200,0,24,0,1,0,0,0,0,0,1
2299,96800,2,18,0,1,0,1,0,1,0,1
1507,63200,0,24,0,0,1,1,0,0,0,1
6217,112900,0,24,0,1,0,1,0,0,0,1
405,32100,2,24,1,0,1,0,0,1,0,0
3785,102700,1,18,0,1,0,1,0,1,0,1
3537,123800,2,18,0,1,1,1,0,1,0,0
540,11700,0,18,1,0,0,0,0,0,0,0
941,101700,1,6,0,1,1,1,0,1,0,0
5503,99200,0,24,1,1,0,1,0,1,0,1
273,17600,0,6,0,0,1,0,1,0,0,0
384,19400,1,18,1,0,1,0,1,0,0,0
1073,40500,1,18,0,0,0,0,0,1,0,0
1417,44800,0,24,0,0,1,1,0,0,1,0
671,79000,2,18,0,1,1,1,0,1,1,0
973,53600,1,24,0,1,1,0,1,0,1,0
